Discount Band,Sales,Profit,Orders,Avg_Discount,Profit Margin
0%,1087908.47,320987.60319999995,2644,0.0,0.29505019222802814
0-10%,54369.351,9029.176999999998,89,0.1,0.16607108295259948
10-20%,792152.8895,91756.29749999997,2436,0.19929900242653006,0.1158315505961428
20-40%,234137.89779999998,-35817.465500000006,400,0.34595652173913044,-0.15297594211166618
40%+,128632.25200000001,-99558.5905,737,0.7002679528403001,-0.7739784459343836
