Region,Person,Sales,Profit,Orders,Customers,Return_Sales,Profit Margin,Return Sales %
West,Anna Andreadi,725457.8245,108418.44889999997,1611,686,107483.05750000001,0.14944831420727198,0.14815893339365313
East,Chuck Magee,678781.24,91522.77999999998,1401,674,41705.144,0.1348339856888207,0.061441214845595914
Central,Kelly Williams,501239.8908,39706.36249999998,1175,629,14006.9794,0.0792162859117756,0.027944662141004523
South,Cassandra Brandow,391721.905,46749.43029999999,822,512,17309.097,0.11934341609004477,0.044187207248468786
