Segment,Sales,Profit,Orders,Customers,Profit Margin
Consumer,1161401.345,134119.20919999995,2586,409,0.11548050101491829
Corporate,706146.3668,91979.13399999998,1514,236,0.13025505521867395
Home Office,429653.1485,60298.67849999999,909,148,0.14034268970334332
